Company Name,Industry / Category,Location,Website URL,Short Description
Apex Robotics,Robotics & Automation,"Boston, MA",https://apexrobotics.io,Developing autonomous mobile manipulators for warehouse logistics and heavy manufacturing.
NextGen EV,Automotive & EV,"Munich, Germany",https://nextgenev.com,High-density solid-state batteries and drive-train systems for next-generation electric vehicles.
Stellar Bio,Biotechnology,"San Francisco, CA",https://stellarbio.io,Pioneering programmable mRNA therapeutic platforms for rare autoimmune and infectious diseases.
Summit Laboratories,Robotics & Automation,"Toronto, Canada",https://summitlaboratories.com,Developing autonomous mobile manipulators for warehouse logistics and heavy manufacturing.
Eco Electric,Automotive & EV,"Boston, MA",https://ecoelectric.io,High-density solid-state batteries and drive-train systems for next-generation electric vehicles.
Omni Technologies,IoT Solutions,"Denver, CO",https://omnitechnologies.com,Developing ultra-low power wireless sensor networks for harsh industrial environments.
Veloce Dynamics,Biotechnology,"London, UK",https://velocedynamics.io,Pioneering programmable mRNA therapeutic platforms for rare autoimmune and infectious diseases.
Omni Dynamics,Automotive & EV,"Tokyo, Japan",https://omnidynamics.io,High-density solid-state batteries and drive-train systems for next-generation electric vehicles.
Sentry Manufacturing,Cybersecurity Systems,"Berlin, Germany",https://sentrymanufacturing.com,Zero-trust network authorization engines and automated real-time threat intelligence detection.
Apex Solutions,Automotive & EV,"Denver, CO",https://apexsolutions.com,High-density solid-state batteries and drive-train systems for next-generation electric vehicles.
Stellar Dynamics,Quantum Computing,"Chicago, IL",https://stellardynamics.com,Error-corrected superconducting quantum processors and compilation software suites.
Helix Laboratories,AI & Machine Learning,"Munich, Germany",https://helixlaboratories.com,Providing edge-native multi-modal foundation models optimized for low-latency robotics inference.
Neo Systems,Automotive & EV,"Los Angeles, CA",https://neosystems.io,High-density solid-state batteries and drive-train systems for next-generation electric vehicles.
Helix Technologies,Aerospace & Defense,"New York, NY",https://helixtechnologies.io,Designing next-generation autonomous cargo drone platforms for remote and defense logistics.
Vector Labs,IoT Solutions,"Seattle, WA",https://vectorlabs.io,Developing ultra-low power wireless sensor networks for harsh industrial environments.
Aether Silicon,Biotechnology,Singapore,https://aethersilicon.com,Pioneering programmable mRNA therapeutic platforms for rare autoimmune and infectious diseases.
Veloce Manufacturing,MedTech Devices,"Boston, MA",https://velocemanufacturing.com,Pioneering non-invasive continuous glucose and vital sign biometric monitoring arrays.
Vortex Computing,MedTech Devices,"Chicago, IL",https://vortexcomputing.com,Pioneering non-invasive continuous glucose and vital sign biometric monitoring arrays.
Zenith Dynamics,Logistics & Supply Chain,"New York, NY",https://zenithdynamics.io,Dynamic algorithmic dispatch and real-time shipping route optimization solutions.
Nexus Computing,Advanced Manufacturing,"Berlin, Germany",https://nexuscomputing.io,Developing precision metal 3D printing systems for aerospace and medical applications.
Omni Manufacturing,FinTech Infrastructure,"Los Angeles, CA",https://omnimanufacturing.com,Next-generation transactional clearing infrastructure and payment rails for global commerce.
Summit Logistics,Biotechnology,"Tokyo, Japan",https://summitlogistics.com,Pioneering programmable mRNA therapeutic platforms for rare autoimmune and infectious diseases.
Aether Manufacturing,MedTech Devices,"San Francisco, CA",https://aethermanufacturing.io,Pioneering non-invasive continuous glucose and vital sign biometric monitoring arrays.
Helix Energy,Advanced Manufacturing,"Seattle, WA",https://helixenergy.io,Developing precision metal 3D printing systems for aerospace and medical applications.
Prism Networks,Biotechnology,"Tokyo, Japan",https://prismnetworks.com,Pioneering programmable mRNA therapeutic platforms for rare autoimmune and infectious diseases.
Summit Biotech,FinTech Infrastructure,"New York, NY",https://summitbiotech.com,Next-generation transactional clearing infrastructure and payment rails for global commerce.
Pulse Logistics,Aerospace & Defense,"New York, NY",https://pulselogistics.io,Designing next-generation autonomous cargo drone platforms for remote and defense logistics.
Sentry Devices,Enterprise SaaS,"Chicago, IL",https://sentrydevices.com,AI-orchestrated team workflows and document intelligence platforms for global enterprises.
Stellar Automotive,Cybersecurity Systems,"Boston, MA",https://stellarautomotive.io,Zero-trust network authorization engines and automated real-time threat intelligence detection.
Nova Electric,Logistics & Supply Chain,"Austin, TX",https://novaelectric.io,Dynamic algorithmic dispatch and real-time shipping route optimization solutions.
Sentry Aero,Advanced Manufacturing,"Denver, CO",https://sentryaero.com,Developing precision metal 3D printing systems for aerospace and medical applications.
Vortex Automotive,Clean Energy & Grid,"London, UK",https://vortexautomotive.io,Developing high-density solid-state grid storage solutions for utility-scale green energy transition.
Apex Silicon,Automotive & EV,"Boston, MA",https://apexsilicon.io,High-density solid-state batteries and drive-train systems for next-generation electric vehicles.
Omni Energy,Quantum Computing,"Tokyo, Japan",https://omnienergy.com,Error-corrected superconducting quantum processors and compilation software suites.
Core Cyber,FinTech Infrastructure,"Los Angeles, CA",https://corecyber.com,Next-generation transactional clearing infrastructure and payment rails for global commerce.
Pulse Energy,Aerospace & Defense,Singapore,https://pulseenergy.com,Designing next-generation autonomous cargo drone platforms for remote and defense logistics.
Nova Computing,Clean Energy & Grid,"Munich, Germany",https://novacomputing.io,Developing high-density solid-state grid storage solutions for utility-scale green energy transition.
Vector Dynamics,FinTech Infrastructure,"Chicago, IL",https://vectordynamics.io,Next-generation transactional clearing infrastructure and payment rails for global commerce.
Omni Automotive,Semicondictor Materials,"San Francisco, CA",https://omniautomotive.io,Synthesizing high-purity gallium nitride wafers for next-generation power electronics.
Horizon Robotics,Advanced Manufacturing,"Paris, France",https://horizonrobotics.com,Developing precision metal 3D printing systems for aerospace and medical applications.
Core Manufacturing,Robotics & Automation,"Seattle, WA",https://coremanufacturing.io,Developing autonomous mobile manipulators for warehouse logistics and heavy manufacturing.
Veloce Technologies,Automotive & EV,"Los Angeles, CA",https://velocetechnologies.io,High-density solid-state batteries and drive-train systems for next-generation electric vehicles.
Omni Electric,FinTech Infrastructure,"Tokyo, Japan",https://omnielectric.com,Next-generation transactional clearing infrastructure and payment rails for global commerce.
Omni Solutions,Clean Energy & Grid,"London, UK",https://omnisolutions.io,Developing high-density solid-state grid storage solutions for utility-scale green energy transition.
Sentry Dynamics,Semicondictor Materials,"London, UK",https://sentrydynamics.io,Synthesizing high-purity gallium nitride wafers for next-generation power electronics.
Solaria Dynamics,Automotive & EV,"New York, NY",https://solariadynamics.com,High-density solid-state batteries and drive-train systems for next-generation electric vehicles.
Zenith Biotech,Semicondictor Materials,"London, UK",https://zenithbiotech.com,Synthesizing high-purity gallium nitride wafers for next-generation power electronics.
Eco Manufacturing,Advanced Manufacturing,"Chicago, IL",https://ecomanufacturing.com,Developing precision metal 3D printing systems for aerospace and medical applications.
Prism Manufacturing,Robotics & Automation,"Boston, MA",https://prismmanufacturing.io,Developing autonomous mobile manipulators for warehouse logistics and heavy manufacturing.
Veloce Systems,MedTech Devices,"Chicago, IL",https://velocesystems.com,Pioneering non-invasive continuous glucose and vital sign biometric monitoring arrays.
Eco Energy,Logistics & Supply Chain,"Los Angeles, CA",https://ecoenergy.com,Dynamic algorithmic dispatch and real-time shipping route optimization solutions.
Stellar Devices,IoT Solutions,"Los Angeles, CA",https://stellardevices.com,Developing ultra-low power wireless sensor networks for harsh industrial environments.
Horizon Cyber,Biotechnology,"Boston, MA",https://horizoncyber.com,Pioneering programmable mRNA therapeutic platforms for rare autoimmune and infectious diseases.
Sentry Labs,Enterprise SaaS,"Denver, CO",https://sentrylabs.com,AI-orchestrated team workflows and document intelligence platforms for global enterprises.
Pulse Systems,Logistics & Supply Chain,"Tokyo, Japan",https://pulsesystems.io,Dynamic algorithmic dispatch and real-time shipping route optimization solutions.
Nova Systems,Enterprise SaaS,"Toronto, Canada",https://novasystems.com,AI-orchestrated team workflows and document intelligence platforms for global enterprises.
Nova Manufacturing,Biotechnology,"Seattle, WA",https://novamanufacturing.io,Pioneering programmable mRNA therapeutic platforms for rare autoimmune and infectious diseases.
Stellar Cyber,FinTech Infrastructure,"New York, NY",https://stellarcyber.com,Next-generation transactional clearing infrastructure and payment rails for global commerce.
Veloce Biotech,Quantum Computing,"Munich, Germany",https://velocebiotech.io,Error-corrected superconducting quantum processors and compilation software suites.
Apex Technologies,Semicondictor Materials,Singapore,https://apextechnologies.io,Synthesizing high-purity gallium nitride wafers for next-generation power electronics.
Quantum Cyber,Cybersecurity Systems,"Los Angeles, CA",https://quantumcyber.com,Zero-trust network authorization engines and automated real-time threat intelligence detection.
Helix Systems,FinTech Infrastructure,"Denver, CO",https://helixsystems.com,Next-generation transactional clearing infrastructure and payment rails for global commerce.
Vortex Analytics,Enterprise SaaS,"Toronto, Canada",https://vortexanalytics.io,AI-orchestrated team workflows and document intelligence platforms for global enterprises.
Omni Silicon,Automotive & EV,"Los Angeles, CA",https://omnisilicon.com,High-density solid-state batteries and drive-train systems for next-generation electric vehicles.
Core Dynamics,Robotics & Automation,"Berlin, Germany",https://coredynamics.io,Developing autonomous mobile manipulators for warehouse logistics and heavy manufacturing.
Aether Networks,Robotics & Automation,"San Francisco, CA",https://aethernetworks.io,Developing autonomous mobile manipulators for warehouse logistics and heavy manufacturing.
Krypton Automotive,FinTech Infrastructure,"San Francisco, CA",https://kryptonautomotive.io,Next-generation transactional clearing infrastructure and payment rails for global commerce.
Veloce Solutions,Advanced Manufacturing,"Berlin, Germany",https://velocesolutions.com,Developing precision metal 3D printing systems for aerospace and medical applications.
Eco Industries,Advanced Manufacturing,"Paris, France",https://ecoindustries.io,Developing precision metal 3D printing systems for aerospace and medical applications.
Prism Aero,Robotics & Automation,"Berlin, Germany",https://prismaero.com,Developing autonomous mobile manipulators for warehouse logistics and heavy manufacturing.
Nexus Devices,IoT Solutions,"London, UK",https://nexusdevices.com,Developing ultra-low power wireless sensor networks for harsh industrial environments.
Neo Dynamics,Logistics & Supply Chain,"Toronto, Canada",https://neodynamics.com,Dynamic algorithmic dispatch and real-time shipping route optimization solutions.
Neo Industries,FinTech Infrastructure,"Tokyo, Japan",https://neoindustries.io,Next-generation transactional clearing infrastructure and payment rails for global commerce.
Vortex Networks,Semicondictor Materials,Singapore,https://vortexnetworks.io,Synthesizing high-purity gallium nitride wafers for next-generation power electronics.
Apex Biotech,IoT Solutions,"Berlin, Germany",https://apexbiotech.io,Developing ultra-low power wireless sensor networks for harsh industrial environments.
Veloce Logistics,Biotechnology,"London, UK",https://velocelogistics.com,Pioneering programmable mRNA therapeutic platforms for rare autoimmune and infectious diseases.
Zenith Technologies,Semicondictor Materials,"Seattle, WA",https://zenithtechnologies.com,Synthesizing high-purity gallium nitride wafers for next-generation power electronics.
Quantum Biotech,MedTech Devices,"London, UK",https://quantumbiotech.io,Pioneering non-invasive continuous glucose and vital sign biometric monitoring arrays.
Vector Computing,Aerospace & Defense,"San Francisco, CA",https://vectorcomputing.io,Designing next-generation autonomous cargo drone platforms for remote and defense logistics.
Omni Analytics,Semicondictor Materials,"Tokyo, Japan",https://omnianalytics.com,Synthesizing high-purity gallium nitride wafers for next-generation power electronics.
Stellar Energy,Advanced Manufacturing,"Paris, France",https://stellarenergy.com,Developing precision metal 3D printing systems for aerospace and medical applications.
Neo Analytics,IoT Solutions,"Seattle, WA",https://neoanalytics.io,Developing ultra-low power wireless sensor networks for harsh industrial environments.
Bio Silicon,Logistics & Supply Chain,"Munich, Germany",https://biosilicon.com,Dynamic algorithmic dispatch and real-time shipping route optimization solutions.
Horizon Energy,Semicondictor Materials,"Paris, France",https://horizonenergy.io,Synthesizing high-purity gallium nitride wafers for next-generation power electronics.
Veloce Computing,Enterprise SaaS,"Munich, Germany",https://velocecomputing.com,AI-orchestrated team workflows and document intelligence platforms for global enterprises.
Apex Networks,Quantum Computing,"Austin, TX",https://apexnetworks.io,Error-corrected superconducting quantum processors and compilation software suites.
Neo Solutions,Automotive & EV,"Los Angeles, CA",https://neosolutions.io,High-density solid-state batteries and drive-train systems for next-generation electric vehicles.
Sentry Logistics,Robotics & Automation,"Boston, MA",https://sentrylogistics.com,Developing autonomous mobile manipulators for warehouse logistics and heavy manufacturing.
Solaria Electric,Aerospace & Defense,"San Francisco, CA",https://solariaelectric.io,Designing next-generation autonomous cargo drone platforms for remote and defense logistics.
Prism Logistics,FinTech Infrastructure,"Denver, CO",https://prismlogistics.com,Next-generation transactional clearing infrastructure and payment rails for global commerce.
Core Labs,Semicondictor Materials,"Paris, France",https://corelabs.io,Synthesizing high-purity gallium nitride wafers for next-generation power electronics.
Aether Labs,Biotechnology,"Tokyo, Japan",https://aetherlabs.com,Pioneering programmable mRNA therapeutic platforms for rare autoimmune and infectious diseases.
Nova Labs,Quantum Computing,"London, UK",https://novalabs.io,Error-corrected superconducting quantum processors and compilation software suites.
Pulse Electric,Semicondictor Materials,"Paris, France",https://pulseelectric.com,Synthesizing high-purity gallium nitride wafers for next-generation power electronics.
Quantum Solutions,Semicondictor Materials,"Denver, CO",https://quantumsolutions.com,Synthesizing high-purity gallium nitride wafers for next-generation power electronics.
Pulse Networks,Quantum Computing,"Paris, France",https://pulsenetworks.com,Error-corrected superconducting quantum processors and compilation software suites.
Nexus Manufacturing,Clean Energy & Grid,"Austin, TX",https://nexusmanufacturing.io,Developing high-density solid-state grid storage solutions for utility-scale green energy transition.
Nova Industries,MedTech Devices,"San Francisco, CA",https://novaindustries.io,Pioneering non-invasive continuous glucose and vital sign biometric monitoring arrays.
Eco Dynamics,MedTech Devices,"Paris, France",https://ecodynamics.com,Pioneering non-invasive continuous glucose and vital sign biometric monitoring arrays.
Eco Robotics,Logistics & Supply Chain,"Seattle, WA",https://ecorobotics.com,Dynamic algorithmic dispatch and real-time shipping route optimization solutions.
Neo Technologies,Quantum Computing,"New York, NY",https://neotechnologies.com,Error-corrected superconducting quantum processors and compilation software suites.
Krypton Industries,Logistics & Supply Chain,"Munich, Germany",https://kryptonindustries.io,Dynamic algorithmic dispatch and real-time shipping route optimization solutions.
Apex Laboratories,Semicondictor Materials,"New York, NY",https://apexlaboratories.com,Synthesizing high-purity gallium nitride wafers for next-generation power electronics.
Nova Aero,Enterprise SaaS,"Chicago, IL",https://novaaero.io,AI-orchestrated team workflows and document intelligence platforms for global enterprises.
Optima Cyber,IoT Solutions,"London, UK",https://optimacyber.com,Developing ultra-low power wireless sensor networks for harsh industrial environments.
Prism Dynamics,Clean Energy & Grid,"San Francisco, CA",https://prismdynamics.io,Developing high-density solid-state grid storage solutions for utility-scale green energy transition.
Apex Automotive,Semicondictor Materials,Singapore,https://apexautomotive.io,Synthesizing high-purity gallium nitride wafers for next-generation power electronics.
Pulse Silicon,Biotechnology,"Chicago, IL",https://pulsesilicon.com,Pioneering programmable mRNA therapeutic platforms for rare autoimmune and infectious diseases.
Nexus Networks,IoT Solutions,"Chicago, IL",https://nexusnetworks.io,Developing ultra-low power wireless sensor networks for harsh industrial environments.
Nova Analytics,Aerospace & Defense,"New York, NY",https://novaanalytics.io,Designing next-generation autonomous cargo drone platforms for remote and defense logistics.
Optima Industries,Automotive & EV,"New York, NY",https://optimaindustries.io,High-density solid-state batteries and drive-train systems for next-generation electric vehicles.
Bio Cyber,Logistics & Supply Chain,"Denver, CO",https://biocyber.io,Dynamic algorithmic dispatch and real-time shipping route optimization solutions.
Quantum Aero,IoT Solutions,"New York, NY",https://quantumaero.com,Developing ultra-low power wireless sensor networks for harsh industrial environments.
Apex Analytics,Clean Energy & Grid,"Seattle, WA",https://apexanalytics.com,Developing high-density solid-state grid storage solutions for utility-scale green energy transition.
Summit Networks,Cybersecurity Systems,"Los Angeles, CA",https://summitnetworks.com,Zero-trust network authorization engines and automated real-time threat intelligence detection.
Bio Automotive,Cybersecurity Systems,Singapore,https://bioautomotive.io,Zero-trust network authorization engines and automated real-time threat intelligence detection.
Pulse Solutions,Logistics & Supply Chain,"Boston, MA",https://pulsesolutions.com,Dynamic algorithmic dispatch and real-time shipping route optimization solutions.
Vector Networks,Advanced Manufacturing,"Munich, Germany",https://vectornetworks.io,Developing precision metal 3D printing systems for aerospace and medical applications.
Eco Silicon,Clean Energy & Grid,"Seattle, WA",https://ecosilicon.io,Developing high-density solid-state grid storage solutions for utility-scale green energy transition.
Stellar Robotics,Robotics & Automation,"Seattle, WA",https://stellarrobotics.io,Developing autonomous mobile manipulators for warehouse logistics and heavy manufacturing.
Vector Technologies,Cybersecurity Systems,"Denver, CO",https://vectortechnologies.io,Zero-trust network authorization engines and automated real-time threat intelligence detection.
Solaria Industries,Cybersecurity Systems,"Denver, CO",https://solariaindustries.com,Zero-trust network authorization engines and automated real-time threat intelligence detection.
Summit Robotics,Semicondictor Materials,Singapore,https://summitrobotics.io,Synthesizing high-purity gallium nitride wafers for next-generation power electronics.
Nova Cyber,Biotechnology,"Austin, TX",https://novacyber.io,Pioneering programmable mRNA therapeutic platforms for rare autoimmune and infectious diseases.
Solaria Automotive,Cybersecurity Systems,"San Francisco, CA",https://solariaautomotive.io,Zero-trust network authorization engines and automated real-time threat intelligence detection.
Nova Biotech,FinTech Infrastructure,Singapore,https://novabiotech.com,Next-generation transactional clearing infrastructure and payment rails for global commerce.
Krypton Logistics,IoT Solutions,"Chicago, IL",https://kryptonlogistics.io,Developing ultra-low power wireless sensor networks for harsh industrial environments.
Vortex Aero,MedTech Devices,"Toronto, Canada",https://vortexaero.io,Pioneering non-invasive continuous glucose and vital sign biometric monitoring arrays.
Vortex Solutions,Automotive & EV,"Munich, Germany",https://vortexsolutions.com,High-density solid-state batteries and drive-train systems for next-generation electric vehicles.
Neo Manufacturing,MedTech Devices,"Tokyo, Japan",https://neomanufacturing.com,Pioneering non-invasive continuous glucose and vital sign biometric monitoring arrays.
Krypton Instruments,Logistics & Supply Chain,"Seattle, WA",https://kryptoninstruments.com,Dynamic algorithmic dispatch and real-time shipping route optimization solutions.
Veloce Analytics,Biotechnology,"New York, NY",https://veloceanalytics.com,Pioneering programmable mRNA therapeutic platforms for rare autoimmune and infectious diseases.
Stellar Electric,Biotechnology,"Denver, CO",https://stellarelectric.io,Pioneering programmable mRNA therapeutic platforms for rare autoimmune and infectious diseases.
Veloce Cyber,Enterprise SaaS,"Chicago, IL",https://velocecyber.io,AI-orchestrated team workflows and document intelligence platforms for global enterprises.
Sentry Systems,Biotechnology,"Munich, Germany",https://sentrysystems.com,Pioneering programmable mRNA therapeutic platforms for rare autoimmune and infectious diseases.
Prism Robotics,MedTech Devices,"Paris, France",https://prismrobotics.io,Pioneering non-invasive continuous glucose and vital sign biometric monitoring arrays.
Helix Instruments,Robotics & Automation,"Chicago, IL",https://helixinstruments.com,Developing autonomous mobile manipulators for warehouse logistics and heavy manufacturing.
Helix Cyber,Aerospace & Defense,"Toronto, Canada",https://helixcyber.io,Designing next-generation autonomous cargo drone platforms for remote and defense logistics.
Vector Manufacturing,Cybersecurity Systems,"Seattle, WA",https://vectormanufacturing.com,Zero-trust network authorization engines and automated real-time threat intelligence detection.
Helix Networks,Logistics & Supply Chain,"Tokyo, Japan",https://helixnetworks.io,Dynamic algorithmic dispatch and real-time shipping route optimization solutions.
Vortex Electric,IoT Solutions,"London, UK",https://vortexelectric.com,Developing ultra-low power wireless sensor networks for harsh industrial environments.
Helix Devices,IoT Solutions,"Tokyo, Japan",https://helixdevices.com,Developing ultra-low power wireless sensor networks for harsh industrial environments.
Summit Cyber,FinTech Infrastructure,"Munich, Germany",https://summitcyber.com,Next-generation transactional clearing infrastructure and payment rails for global commerce.
Aether Energy,Enterprise SaaS,"Chicago, IL",https://aetherenergy.com,AI-orchestrated team workflows and document intelligence platforms for global enterprises.
Optima Networks,Quantum Computing,"Paris, France",https://optimanetworks.com,Error-corrected superconducting quantum processors and compilation software suites.
Sentry Energy,MedTech Devices,"Boston, MA",https://sentryenergy.com,Pioneering non-invasive continuous glucose and vital sign biometric monitoring arrays.
Eco Computing,Advanced Manufacturing,Singapore,https://ecocomputing.io,Developing precision metal 3D printing systems for aerospace and medical applications.
Aether Robotics,Biotechnology,"Seattle, WA",https://aetherrobotics.io,Pioneering programmable mRNA therapeutic platforms for rare autoimmune and infectious diseases.
Vector Electric,Biotechnology,"Austin, TX",https://vectorelectric.com,Pioneering programmable mRNA therapeutic platforms for rare autoimmune and infectious diseases.
Nova Devices,Biotechnology,"Los Angeles, CA",https://novadevices.io,Pioneering programmable mRNA therapeutic platforms for rare autoimmune and infectious diseases.
